test,correlation,p_value,conf_low,conf_high
Pearson,0.0249240932216367,6.62615986420737e-31,0.0206995678928736,0.0291477285635938
Spearman,0.171520760170482,0,NA,NA
